<?xml version="1.0" encoding="utf-8" ?><dwsync><file name=".DS_Store" server="santacruzsound.com//" local="3389449440" remote="20569318624" /><file name="COPYING.TXT" server="santacruzsound.com//" local="3389449440" remote="20569318624" /><file name="LICENSE.TXT" server="santacruzsound.com//" local="3389449440" remote="20569318624" /><file name="awstats.pdf" server="santacruzsound.com//" local="3389449440" remote="20569318624" /><file name="awstats_benchmark.html" server="santacruzsound.com//" local="3389449440" remote="20569318624" /><file name="awstats_changelog.txt" server="santacruzsound.com//" local="3389449440" remote="20569318624" /><file name="awstats_compare.html" server="santacruzsound.com//" local="3389449440" remote="20569318624" /><file name="awstats_config.html" server="santacruzsound.com//" local="3389449440" remote="20569318624" /><file name="awstats_contrib.html" server="santacruzsound.com//" local="3389449440" remote="20569318624" /><file name="awstats_dev_plugins.html" server="santacruzsound.com//" local="3389449440" remote="20569318624" /><file name="awstats_dev_plugins_graphs.html" server="santacruzsound.com//" local="3389449440" remote="20569318624" /><file name="awstats_dev_plugins_hooks.html" server="santacruzsound.com//" local="3389449440" remote="20569318624" /><file name="awstats_dolibarr.html" server="santacruzsound.com//" local="3389449440" remote="20569318624" /><file name="awstats_extra.html" server="santacruzsound.com//" local="3389449440" remote="20569318624" /><file name="awstats_faq.html" server="santacruzsound.com//" local="3389449440" remote="20569318624" /><file name="awstats_glossary.html" server="santacruzsound.com//" local="3389449440" remote="20569318624" /><file name="awstats_license.html" server="santacruzsound.com//" local="3389449440" remote="20569318624" /><file name="awstats_security.html" server="santacruzsound.com//" local="3389449440" remote="20569318624" /><file name="awstats_setup.html" server="santacruzsound.com//" local="3389449440" remote="20569318624" /><file name="awstats_tools.html" server="santacruzsound.com//" local="3389449440" remote="20569318624" /><file name="awstats_upgrade.html" server="santacruzsound.com//" local="3389449440" remote="20569318624" /><file name="awstats_webmin.html" server="santacruzsound.com//" local="3389449440" remote="20569318624" /><file name="awstats_what.html" server="santacruzsound.com//" local="3389449440" remote="20569318624" /><file name="index.html" server="santacruzsound.com//" local="3389449440" remote="20569318624" /><file name="pad_awstats.xml" server="santacruzsound.com//" local="3389449440" remote="20569318624" /><file name="styles.css" server="santacruzsound.com//" local="3389449440" remote="20569318624" /></dwsync>