<?xml version="1.0" encoding="utf-8" ?><dwsync><file name="awstats.santacruzsound.com.alldomains.html" server="santacruzsound.com//" local="3176262000" remote="20356131184" /><file name="awstats.santacruzsound.com.allhosts.html" server="santacruzsound.com//" local="3176262000" remote="20356131184" /><file name="awstats.santacruzsound.com.allrobots.html" server="santacruzsound.com//" local="3176262000" remote="20356131184" /><file name="awstats.santacruzsound.com.browserdetail.html" server="santacruzsound.com//" local="3176262000" remote="20356131184" /><file name="awstats.santacruzsound.com.errors404.html" server="santacruzsound.com//" local="3176262000" remote="20356131184" /><file name="awstats.santacruzsound.com.html" server="santacruzsound.com//" local="3176262000" remote="20356131184" /><file name="awstats.santacruzsound.com.keyphrases.html" server="santacruzsound.com//" local="3176262000" remote="20356131184" /><file name="awstats.santacruzsound.com.keywords.html" server="santacruzsound.com//" local="3176262000" remote="20356131184" /><file name="awstats.santacruzsound.com.lasthosts.html" server="santacruzsound.com//" local="3176262000" remote="20356131184" /><file name="awstats.santacruzsound.com.lastrobots.html" server="santacruzsound.com//" local="3176262000" remote="20356131184" /><file name="awstats.santacruzsound.com.osdetail.html" server="santacruzsound.com//" local="3176262000" remote="20356131184" /><file name="awstats.santacruzsound.com.refererpages.html" server="santacruzsound.com//" local="3176262000" remote="20356131184" /><file name="awstats.santacruzsound.com.refererse.html" server="santacruzsound.com//" local="3176262000" remote="20356131184" /><file name="awstats.santacruzsound.com.session.html" server="santacruzsound.com//" local="3176262000" remote="20356131184" /><file name="awstats.santacruzsound.com.unknownbrowser.html" server="santacruzsound.com//" local="3176262000" remote="20356131184" /><file name="awstats.santacruzsound.com.unknownip.html" server="santacruzsound.com//" local="3176262000" remote="20356131184" /><file name="awstats.santacruzsound.com.unknownos.html" server="santacruzsound.com//" local="3176262000" remote="20356131184" /><file name="awstats.santacruzsound.com.urldetail.html" server="santacruzsound.com//" local="3176262000" remote="20356131184" /><file name="awstats.santacruzsound.com.urlentry.html" server="santacruzsound.com//" local="3176262000" remote="20356131184" /><file name="awstats.santacruzsound.com.urlexit.html" server="santacruzsound.com//" local="3176262000" remote="20356131184" /><file name="index.html" server="santacruzsound.com//" local="3370834800" remote="20550703984" /></dwsync>