<?xml version="1.0" encoding="utf-8" ?><dwsync><file name=".DS_Store" server="santacruzsound.com//" local="3389449440" remote="20569318624" /><file name="awstats.gif" server="santacruzsound.com//" local="3389449440" remote="20569318624" /><file name="awstats.ico" server="santacruzsound.com//" local="3389449440" remote="20569318624" /><file name="awstats.png" server="santacruzsound.com//" local="3389449440" remote="20569318624" /><file name="awstats_logo1.gif" server="santacruzsound.com//" local="3389449440" remote="20569318624" /><file name="awstats_logo1.png" server="santacruzsound.com//" local="3389449440" remote="20569318624" /><file name="awstats_logo2.gif" server="santacruzsound.com//" local="3389449440" remote="20569318624" /><file name="awstats_logo2.png" server="santacruzsound.com//" local="3389449440" remote="20569318624" /><file name="awstats_logo3.gif" server="santacruzsound.com//" local="3389449440" remote="20569318624" /><file name="awstats_logo3.png" server="santacruzsound.com//" local="3389449440" remote="20569318624" /><file name="awstats_logo4.gif" server="santacruzsound.com//" local="3389449440" remote="20569318624" /><file name="awstats_logo4.png" server="santacruzsound.com//" local="3389449440" remote="20569318624" /><file name="awstats_logo5.gif" server="santacruzsound.com//" local="3389449440" remote="20569318624" /><file name="awstats_logo5.png" server="santacruzsound.com//" local="3389449440" remote="20569318624" /><file name="awstats_logo6.png" server="santacruzsound.com//" local="3389449440" remote="20569318624" /><file name="license_chart.png" server="santacruzsound.com//" local="3389449440" remote="20569318624" /><file name="screen_shot_1.gif" server="santacruzsound.com//" local="3389449440" remote="20569318624" /><file name="screen_shot_1.jpg" server="santacruzsound.com//" local="3389449440" remote="20569318624" /><file name="screen_shot_1.png" server="santacruzsound.com//" local="3389449440" remote="20569318624" /><file name="screen_shot_2.png" server="santacruzsound.com//" local="3389449440" remote="20569318624" /><file name="screen_shot_3.png" server="santacruzsound.com//" local="3389449440" remote="20569318624" /><file name="screen_shot_4.png" server="santacruzsound.com//" local="3389449440" remote="20569318624" /><file name="screen_shot_5.png" server="santacruzsound.com//" local="3389449440" remote="20569318624" /><file name="screen_shot_large_1.jpg" server="santacruzsound.com//" local="3389449440" remote="20569318624" /><file name="screen_shot_large_2.jpg" server="santacruzsound.com//" local="3389449440" remote="20569318624" /><file name="screen_shot_large_3.jpg" server="santacruzsound.com//" local="3389449440" remote="20569318624" /><file name="screen_shot_large_4.jpg" server="santacruzsound.com//" local="3389449440" remote="20569318624" /><file name="screen_shot_large_5.jpg" server="santacruzsound.com//" local="3389449440" remote="20569318624" /><file name="star.png" server="santacruzsound.com//" local="3389449440" remote="20569318624" /></dwsync>