<?xml version="1.0" encoding="utf-8" ?><dwsync><file name="_x_todo.htm" server="santacruzsound.com//" local="3018495600" remote="15903397488" /><file name="_x_todoh.htm" server="santacruzsound.com//" local="3018495600" remote="15903397488" /><file name="access.cnf" server="santacruzsound.com//" local="3018495600" remote="15903397488" /><file name="deptodoc.btr" server="santacruzsound.com//" local="3018495600" remote="15903397488" /><file name="diskweb.cnf" server="santacruzsound.com//" local="3018495600" remote="15903397488" /><file name="doctodep.btr" server="santacruzsound.com//" local="3018495600" remote="15903397488" /><file name="linkinfo.cnf" server="santacruzsound.com//" local="3018495600" remote="15903397488" /><file name="service.cnf" server="santacruzsound.com//" local="3018495600" remote="15903397488" /><file name="services.cnf" server="santacruzsound.com//" local="3018495600" remote="15903397488" /><file name="structure.cnf" server="santacruzsound.com//" local="3018495600" remote="15903397488" /></dwsync>