<?xml version="1.0" encoding="utf-8" ?><dwsync><file name="digital.png" server="santacruzsound.com//" local="3389449500" remote="20569318684" /><file name="hp.png" server="santacruzsound.com//" local="3389449500" remote="20569318684" /><file name="ibm.png" server="santacruzsound.com//" local="3389449500" remote="20569318684" /><file name="intel.png" server="santacruzsound.com//" local="3389449500" remote="20569318684" /><file name="java.png" server="santacruzsound.com//" local="3389449500" remote="20569318684" /><file name="mips.png" server="santacruzsound.com//" local="3389449500" remote="20569318684" /><file name="motorola.png" server="santacruzsound.com//" local="3389449500" remote="20569318684" /><file name="sun.png" server="santacruzsound.com//" local="3389449500" remote="20569318684" /><file name="unknown.png" server="santacruzsound.com//" local="3389449500" remote="20569318684" /></dwsync>