<?xml version="1.0" encoding="utf-8" ?><dwsync><file name="lang-apollo.js" server="santacruzsound.com//" local="3389449440" remote="20569318624" /><file name="lang-css.js" server="santacruzsound.com//" local="3389449440" remote="20569318624" /><file name="lang-hs.js" server="santacruzsound.com//" local="3389449440" remote="20569318624" /><file name="lang-lisp.js" server="santacruzsound.com//" local="3389449440" remote="20569318624" /><file name="lang-lua.js" server="santacruzsound.com//" local="3389449440" remote="20569318624" /><file name="lang-ml.js" server="santacruzsound.com//" local="3389449440" remote="20569318624" /><file name="lang-proto.js" server="santacruzsound.com//" local="3389449440" remote="20569318624" /><file name="lang-sql.js" server="santacruzsound.com//" local="3389449440" remote="20569318624" /><file name="lang-vb.js" server="santacruzsound.com//" local="3389449440" remote="20569318624" /><file name="lang-wiki.js" server="santacruzsound.com//" local="3389449440" remote="20569318624" /><file name="prettify.css" server="santacruzsound.com//" local="3389449440" remote="20569318624" /><file name="prettify.js" server="santacruzsound.com//" local="3389449440" remote="20569318624" /></dwsync>