<?xml version="1.0" encoding="utf-8" ?><dwsync><file name="aix.png" server="santacruzsound.com//" local="3389449500" remote="20569318684" /><file name="amigaos.png" server="santacruzsound.com//" local="3389449500" remote="20569318684" /><file name="apple.png" server="santacruzsound.com//" local="3389449500" remote="20569318684" /><file name="atari.png" server="santacruzsound.com//" local="3389449500" remote="20569318684" /><file name="beos.png" server="santacruzsound.com//" local="3389449500" remote="20569318684" /><file name="blackberry.png" server="santacruzsound.com//" local="3389449500" remote="20569318684" /><file name="bsd.png" server="santacruzsound.com//" local="3389449500" remote="20569318684" /><file name="bsddflybsd.png" server="santacruzsound.com//" local="3389449500" remote="20569318684" /><file name="bsdfreebsd.png" server="santacruzsound.com//" local="3389449500" remote="20569318684" /><file name="bsdi.png" server="santacruzsound.com//" local="3389449500" remote="20569318684" /><file name="bsdkfreebsd.png" server="santacruzsound.com//" local="3389449500" remote="20569318684" /><file name="bsdnetbsd.png" server="santacruzsound.com//" local="3389449500" remote="20569318684" /><file name="bsdopenbsd.png" server="santacruzsound.com//" local="3389449500" remote="20569318684" /><file name="commodore.png" server="santacruzsound.com//" local="3389449500" remote="20569318684" /><file name="cpm.png" server="santacruzsound.com//" local="3389449500" remote="20569318684" /><file name="debian.png" server="santacruzsound.com//" local="3389449500" remote="20569318684" /><file name="digital.png" server="santacruzsound.com//" local="3389449500" remote="20569318684" /><file name="dos.png" server="santacruzsound.com//" local="3389449500" remote="20569318684" /><file name="dreamcast.png" server="santacruzsound.com//" local="3389449500" remote="20569318684" /><file name="freebsd.png" server="santacruzsound.com//" local="3389449500" remote="20569318684" /><file name="gnu.png" server="santacruzsound.com//" local="3389449500" remote="20569318684" /><file name="hpux.png" server="santacruzsound.com//" local="3389449500" remote="20569318684" /><file name="ibm.png" server="santacruzsound.com//" local="3389449500" remote="20569318684" /><file name="imode.png" server="santacruzsound.com//" local="3389449500" remote="20569318684" /><file name="inferno.png" server="santacruzsound.com//" local="3389449500" remote="20569318684" /><file name="ios.png" server="santacruzsound.com//" local="3389449500" remote="20569318684" /><file name="iphone.png" server="santacruzsound.com//" local="3389449500" remote="20569318684" /><file name="irix.png" server="santacruzsound.com//" local="3389449500" remote="20569318684" /><file name="j2me.png" server="santacruzsound.com//" local="3389449500" remote="20569318684" /><file name="java.png" server="santacruzsound.com//" local="3389449500" remote="20569318684" /><file name="kfreebsd.png" server="santacruzsound.com//" local="3389449500" remote="20569318684" /><file name="linux.png" server="santacruzsound.com//" local="3389449500" remote="20569318684" /><file name="linuxandroid.png" server="santacruzsound.com//" local="3389449500" remote="20569318684" /><file name="linuxasplinux.png" server="santacruzsound.com//" local="3389449500" remote="20569318684" /><file name="linuxcentos.png" server="santacruzsound.com//" local="3389449500" remote="20569318684" /><file name="linuxdebian.png" server="santacruzsound.com//" local="3389449500" remote="20569318684" /><file name="linuxfedora.png" server="santacruzsound.com//" local="3389449500" remote="20569318684" /><file name="linuxgentoo.png" server="santacruzsound.com//" local="3389449500" remote="20569318684" /><file name="linuxmandr.png" server="santacruzsound.com//" local="3389449500" remote="20569318684" /><file name="linuxpclinuxos.png" server="santacruzsound.com//" local="3389449500" remote="20569318684" /><file name="linuxredhat.png" server="santacruzsound.com//" local="3389449500" remote="20569318684" /><file name="linuxsuse.png" server="santacruzsound.com//" local="3389449500" remote="20569318684" /><file name="linuxubuntu.png" server="santacruzsound.com//" local="3389449500" remote="20569318684" /><file name="linuxvine.png" server="santacruzsound.com//" local="3389449500" remote="20569318684" /><file name="linuxzenwalk.png" server="santacruzsound.com//" local="3389449500" remote="20569318684" /><file name="mac.png" server="santacruzsound.com//" local="3389449500" remote="20569318684" /><file name="macintosh.png" server="santacruzsound.com//" local="3389449500" remote="20569318684" /><file name="macosx.png" server="santacruzsound.com//" local="3389449500" remote="20569318684" /><file name="netbsd.png" server="santacruzsound.com//" local="3389449500" remote="20569318684" /><file name="netware.png" server="santacruzsound.com//" local="3389449500" remote="20569318684" /><file name="next.png" server="santacruzsound.com//" local="3389449500" remote="20569318684" /><file name="openbsd.png" server="santacruzsound.com//" local="3389449500" remote="20569318684" /><file name="os2.png" server="santacruzsound.com//" local="3389449500" remote="20569318684" /><file name="osf.png" server="santacruzsound.com//" local="3389449500" remote="20569318684" /><file name="palmos.png" server="santacruzsound.com//" local="3389449500" remote="20569318684" /><file name="psp.png" server="santacruzsound.com//" local="3389449500" remote="20569318684" /><file name="qnx.png" server="santacruzsound.com//" local="3389449500" remote="20569318684" /><file name="riscos.png" server="santacruzsound.com//" local="3389449500" remote="20569318684" /><file name="sco.png" server="santacruzsound.com//" local="3389449500" remote="20569318684" /><file name="sunos.png" server="santacruzsound.com//" local="3389449500" remote="20569318684" /><file name="syllable.png" server="santacruzsound.com//" local="3389449500" remote="20569318684" /><file name="symbian.png" server="santacruzsound.com//" local="3389449500" remote="20569318684" /><file name="unix.png" server="santacruzsound.com//" local="3389449500" remote="20569318684" /><file name="unknown.png" server="santacruzsound.com//" local="3389449500" remote="20569318684" /><file name="vms.png" server="santacruzsound.com//" local="3389449500" remote="20569318684" /><file name="webtv.png" server="santacruzsound.com//" local="3389449500" remote="20569318684" /><file name="wii.png" server="santacruzsound.com//" local="3389449500" remote="20569318684" /><file name="win.png" server="santacruzsound.com//" local="3389449500" remote="20569318684" /><file name="win16.png" server="santacruzsound.com//" local="3389449500" remote="20569318684" /><file name="win2000.png" server="santacruzsound.com//" local="3389449500" remote="20569318684" /><file name="win2003.png" server="santacruzsound.com//" local="3389449500" remote="20569318684" /><file name="win2008.png" server="santacruzsound.com//" local="3389449500" remote="20569318684" /><file name="win7.png" server="santacruzsound.com//" local="3389449500" remote="20569318684" /><file name="win95.png" server="santacruzsound.com//" local="3389449500" remote="20569318684" /><file name="win98.png" server="santacruzsound.com//" local="3389449500" remote="20569318684" /><file name="wince.png" server="santacruzsound.com//" local="3389449500" remote="20569318684" /><file name="winlong.png" server="santacruzsound.com//" local="3389449500" remote="20569318684" /><file name="winme.png" server="santacruzsound.com//" local="3389449500" remote="20569318684" /><file name="winnt.png" server="santacruzsound.com//" local="3389449500" remote="20569318684" /><file name="winunknown.png" server="santacruzsound.com//" local="3389449500" remote="20569318684" /><file name="winvista.png" server="santacruzsound.com//" local="3389449500" remote="20569318684" /><file name="winxbox.png" server="santacruzsound.com//" local="3389449500" remote="20569318684" /><file name="winxp.png" server="santacruzsound.com//" local="3389449500" remote="20569318684" /></dwsync>