<?xml version="1.0" encoding="utf-8" ?><dwsync><file name="hr1.png" server="santacruzsound.com//" local="3389449500" remote="20569318684" /><file name="hr10.png" server="santacruzsound.com//" local="3389449500" remote="20569318684" /><file name="hr11.png" server="santacruzsound.com//" local="3389449500" remote="20569318684" /><file name="hr12.png" server="santacruzsound.com//" local="3389449500" remote="20569318684" /><file name="hr2.png" server="santacruzsound.com//" local="3389449500" remote="20569318684" /><file name="hr3.png" server="santacruzsound.com//" local="3389449500" remote="20569318684" /><file name="hr4.png" server="santacruzsound.com//" local="3389449500" remote="20569318684" /><file name="hr5.png" server="santacruzsound.com//" local="3389449500" remote="20569318684" /><file name="hr6.png" server="santacruzsound.com//" local="3389449500" remote="20569318684" /><file name="hr7.png" server="santacruzsound.com//" local="3389449500" remote="20569318684" /><file name="hr8.png" server="santacruzsound.com//" local="3389449500" remote="20569318684" /><file name="hr9.png" server="santacruzsound.com//" local="3389449500" remote="20569318684" /></dwsync>