<?xml version="1.0" encoding="utf-8" ?><dwsync><file name="ai.png" server="santacruzsound.com//" local="3389449500" remote="20569318684" /><file name="archive.png" server="santacruzsound.com//" local="3389449500" remote="20569318684" /><file name="audio.png" server="santacruzsound.com//" local="3389449500" remote="20569318684" /><file name="crystal.png" server="santacruzsound.com//" local="3389449500" remote="20569318684" /><file name="css.png" server="santacruzsound.com//" local="3389449500" remote="20569318684" /><file name="doc.png" server="santacruzsound.com//" local="3389449500" remote="20569318684" /><file name="dotnet.png" server="santacruzsound.com//" local="3389449500" remote="20569318684" /><file name="encrypt.png" server="santacruzsound.com//" local="3389449500" remote="20569318684" /><file name="flash.png" server="santacruzsound.com//" local="3389449500" remote="20569318684" /><file name="glasses.png" server="santacruzsound.com//" local="3389449500" remote="20569318684" /><file name="html.png" server="santacruzsound.com//" local="3389449500" remote="20569318684" /><file name="image.png" server="santacruzsound.com//" local="3389449500" remote="20569318684" /><file name="jnlp.png" server="santacruzsound.com//" local="3389449500" remote="20569318684" /><file name="jscript.png" server="santacruzsound.com//" local="3389449500" remote="20569318684" /><file name="library.png" server="santacruzsound.com//" local="3389449500" remote="20569318684" /><file name="lit.png" server="santacruzsound.com//" local="3389449500" remote="20569318684" /><file name="mdb.png" server="santacruzsound.com//" local="3389449500" remote="20569318684" /><file name="notavailable.png" server="santacruzsound.com//" local="3389449500" remote="20569318684" /><file name="ooffice.png" server="santacruzsound.com//" local="3389449500" remote="20569318684" /><file name="other.png" server="santacruzsound.com//" local="3389449500" remote="20569318684" /><file name="page.png" server="santacruzsound.com//" local="3389449500" remote="20569318684" /><file name="pdf.png" server="santacruzsound.com//" local="3389449500" remote="20569318684" /><file name="php.png" server="santacruzsound.com//" local="3389449500" remote="20569318684" /><file name="phshop.png" server="santacruzsound.com//" local="3389449500" remote="20569318684" /><file name="pl.png" server="santacruzsound.com//" local="3389449500" remote="20569318684" /><file name="ppt.png" server="santacruzsound.com//" local="3389449500" remote="20569318684" /><file name="quicktime.png" server="santacruzsound.com//" local="3389449500" remote="20569318684" /><file name="rar.png" server="santacruzsound.com//" local="3389449500" remote="20569318684" /><file name="readme.txt" server="santacruzsound.com//" local="3389449500" remote="20569318684" /><file name="real.png" server="santacruzsound.com//" local="3389449500" remote="20569318684" /><file name="rss.png" server="santacruzsound.com//" local="3389449500" remote="20569318684" /><file name="script.png" server="santacruzsound.com//" local="3389449500" remote="20569318684" /><file name="svg.png" server="santacruzsound.com//" local="3389449500" remote="20569318684" /><file name="text.png" server="santacruzsound.com//" local="3389449500" remote="20569318684" /><file name="ttf.png" server="santacruzsound.com//" local="3389449500" remote="20569318684" /><file name="unknown.png" server="santacruzsound.com//" local="3389449500" remote="20569318684" /><file name="video.png" server="santacruzsound.com//" local="3389449500" remote="20569318684" /><file name="wmv.png" server="santacruzsound.com//" local="3389449500" remote="20569318684" /><file name="xls.png" server="santacruzsound.com//" local="3389449500" remote="20569318684" /></dwsync>