<?xml version="1.0" encoding="utf-8" ?><dwsync><file name="blacklist.txt" server="santacruzsound.com//" local="3389449500" remote="20569318684" /><file name="browsers.pm" server="santacruzsound.com//" local="3389449500" remote="20569318684" /><file name="browsers_phone.pm" server="santacruzsound.com//" local="3389449500" remote="20569318684" /><file name="domains.pm" server="santacruzsound.com//" local="3389449500" remote="20569318684" /><file name="mime.pm" server="santacruzsound.com//" local="3389449500" remote="20569318684" /><file name="operating_systems.pm" server="santacruzsound.com//" local="3389449500" remote="20569318684" /><file name="referer_spam.pm" server="santacruzsound.com//" local="3389449500" remote="20569318684" /><file name="robots.pm" server="santacruzsound.com//" local="3389449500" remote="20569318684" /><file name="search_engines.pm" server="santacruzsound.com//" local="3389449500" remote="20569318684" /><file name="status_http.pm" server="santacruzsound.com//" local="3389449500" remote="20569318684" /><file name="status_smtp.pm" server="santacruzsound.com//" local="3389449500" remote="20569318684" /><file name="worms.pm" server="santacruzsound.com//" local="3389449500" remote="20569318684" /></dwsync>