<?xml version="1.0" encoding="utf-8" ?><dwsync><file name="awstats_logo1.png" server="santacruzsound.com//" local="3389449500" remote="20569318684" /><file name="awstats_logo5.png" server="santacruzsound.com//" local="3389449500" remote="20569318684" /><file name="awstats_logo6.png" server="santacruzsound.com//" local="3389449500" remote="20569318684" /><file name="backleft.png" server="santacruzsound.com//" local="3389449500" remote="20569318684" /><file name="button.gif" server="santacruzsound.com//" local="3389449500" remote="20569318684" /><file name="he.png" server="santacruzsound.com//" local="3389449500" remote="20569318684" /><file name="hh.png" server="santacruzsound.com//" local="3389449500" remote="20569318684" /><file name="hk.png" server="santacruzsound.com//" local="3389449500" remote="20569318684" /><file name="hp.png" server="santacruzsound.com//" local="3389449500" remote="20569318684" /><file name="ht.png" server="santacruzsound.com//" local="3389449500" remote="20569318684" /><file name="hx.png" server="santacruzsound.com//" local="3389449500" remote="20569318684" /><file name="menu1.png" server="santacruzsound.com//" local="3389449500" remote="20569318684" /><file name="menu2.png" server="santacruzsound.com//" local="3389449500" remote="20569318684" /><file name="menu3.png" server="santacruzsound.com//" local="3389449500" remote="20569318684" /><file name="menu4.png" server="santacruzsound.com//" local="3389449500" remote="20569318684" /><file name="menu5.png" server="santacruzsound.com//" local="3389449500" remote="20569318684" /><file name="menu6.png" server="santacruzsound.com//" local="3389449500" remote="20569318684" /><file name="menu7.png" server="santacruzsound.com//" local="3389449500" remote="20569318684" /><file name="menu8.png" server="santacruzsound.com//" local="3389449500" remote="20569318684" /><file name="page.png" server="santacruzsound.com//" local="3389449500" remote="20569318684" /><file name="vh.png" server="santacruzsound.com//" local="3389449500" remote="20569318684" /><file name="vk.png" server="santacruzsound.com//" local="3389449500" remote="20569318684" /><file name="vp.png" server="santacruzsound.com//" local="3389449500" remote="20569318684" /><file name="vu.png" server="santacruzsound.com//" local="3389449500" remote="20569318684" /><file name="vv.png" server="santacruzsound.com//" local="3389449500" remote="20569318684" /></dwsync>