<?xml version="1.0" encoding="utf-8" ?><dwsync><file name="abilon.png" server="santacruzsound.com//" local="3389449500" remote="20569318684" /><file name="adobe.png" server="santacruzsound.com//" local="3389449500" remote="20569318684" /><file name="akregator.png" server="santacruzsound.com//" local="3389449500" remote="20569318684" /><file name="alcatel.png" server="santacruzsound.com//" local="3389449500" remote="20569318684" /><file name="amaya.png" server="santacruzsound.com//" local="3389449500" remote="20569318684" /><file name="amigavoyager.png" server="santacruzsound.com//" local="3389449500" remote="20569318684" /><file name="analogx.png" server="santacruzsound.com//" local="3389449500" remote="20569318684" /><file name="android.png" server="santacruzsound.com//" local="3389449500" remote="20569318684" /><file name="apt.png" server="santacruzsound.com//" local="3389449500" remote="20569318684" /><file name="avant.png" server="santacruzsound.com//" local="3389449500" remote="20569318684" /><file name="aweb.png" server="santacruzsound.com//" local="3389449500" remote="20569318684" /><file name="bpftp.png" server="santacruzsound.com//" local="3389449500" remote="20569318684" /><file name="bytel.png" server="santacruzsound.com//" local="3389449500" remote="20569318684" /><file name="chimera.png" server="santacruzsound.com//" local="3389449500" remote="20569318684" /><file name="chrome.png" server="santacruzsound.com//" local="3389449500" remote="20569318684" /><file name="cyberdog.png" server="santacruzsound.com//" local="3389449500" remote="20569318684" /><file name="da.png" server="santacruzsound.com//" local="3389449500" remote="20569318684" /><file name="dillo.png" server="santacruzsound.com//" local="3389449500" remote="20569318684" /><file name="doris.png" server="santacruzsound.com//" local="3389449500" remote="20569318684" /><file name="dreamcast.png" server="santacruzsound.com//" local="3389449500" remote="20569318684" /><file name="ecatch.png" server="santacruzsound.com//" local="3389449500" remote="20569318684" /><file name="encompass.png" server="santacruzsound.com//" local="3389449500" remote="20569318684" /><file name="epiphany.png" server="santacruzsound.com//" local="3389449500" remote="20569318684" /><file name="ericsson.png" server="santacruzsound.com//" local="3389449500" remote="20569318684" /><file name="feeddemon.png" server="santacruzsound.com//" local="3389449500" remote="20569318684" /><file name="feedreader.png" server="santacruzsound.com//" local="3389449500" remote="20569318684" /><file name="firefox.png" server="santacruzsound.com//" local="3389449500" remote="20569318684" /><file name="flashget.png" server="santacruzsound.com//" local="3389449500" remote="20569318684" /><file name="flock.png" server="santacruzsound.com//" local="3389449500" remote="20569318684" /><file name="fpexpress.png" server="santacruzsound.com//" local="3389449500" remote="20569318684" /><file name="fresco.png" server="santacruzsound.com//" local="3389449500" remote="20569318684" /><file name="freshdownload.png" server="santacruzsound.com//" local="3389449500" remote="20569318684" /><file name="frontpage.png" server="santacruzsound.com//" local="3389449500" remote="20569318684" /><file name="galeon.png" server="santacruzsound.com//" local="3389449500" remote="20569318684" /><file name="getright.png" server="santacruzsound.com//" local="3389449500" remote="20569318684" /><file name="gnome.png" server="santacruzsound.com//" local="3389449500" remote="20569318684" /><file name="gnus.png" server="santacruzsound.com//" local="3389449500" remote="20569318684" /><file name="gozilla.png" server="santacruzsound.com//" local="3389449500" remote="20569318684" /><file name="hotjava.png" server="santacruzsound.com//" local="3389449500" remote="20569318684" /><file name="httrack.png" server="santacruzsound.com//" local="3389449500" remote="20569318684" /><file name="ibrowse.png" server="santacruzsound.com//" local="3389449500" remote="20569318684" /><file name="icab.png" server="santacruzsound.com//" local="3389449500" remote="20569318684" /><file name="icecat.png" server="santacruzsound.com//" local="3389449500" remote="20569318684" /><file name="iceweasel.png" server="santacruzsound.com//" local="3389449500" remote="20569318684" /><file name="java.png" server="santacruzsound.com//" local="3389449500" remote="20569318684" /><file name="jetbrains_omea.png" server="santacruzsound.com//" local="3389449500" remote="20569318684" /><file name="kmeleon.png" server="santacruzsound.com//" local="3389449500" remote="20569318684" /><file name="konqueror.png" server="santacruzsound.com//" local="3389449500" remote="20569318684" /><file name="leechget.png" server="santacruzsound.com//" local="3389449500" remote="20569318684" /><file name="lg.png" server="santacruzsound.com//" local="3389449500" remote="20569318684" /><file name="lotusnotes.png" server="santacruzsound.com//" local="3389449500" remote="20569318684" /><file name="lynx.png" server="santacruzsound.com//" local="3389449500" remote="20569318684" /><file name="macweb.png" server="santacruzsound.com//" local="3389449500" remote="20569318684" /><file name="mediaplayer.png" server="santacruzsound.com//" local="3389449500" remote="20569318684" /><file name="motorola.png" server="santacruzsound.com//" local="3389449500" remote="20569318684" /><file name="mozilla.png" server="santacruzsound.com//" local="3389449500" remote="20569318684" /><file name="mplayer.png" server="santacruzsound.com//" local="3389449500" remote="20569318684" /><file name="msie.png" server="santacruzsound.com//" local="3389449500" remote="20569318684" /><file name="msie_large.png" server="santacruzsound.com//" local="3389449500" remote="20569318684" /><file name="multizilla.png" server="santacruzsound.com//" local="3389449500" remote="20569318684" /><file name="ncsa_mosaic.png" server="santacruzsound.com//" local="3389449500" remote="20569318684" /><file name="neon.png" server="santacruzsound.com//" local="3389449500" remote="20569318684" /><file name="netnewswire.png" server="santacruzsound.com//" local="3389449500" remote="20569318684" /><file name="netpositive.png" server="santacruzsound.com//" local="3389449500" remote="20569318684" /><file name="netscape.png" server="santacruzsound.com//" local="3389449500" remote="20569318684" /><file name="netscape_large.png" server="santacruzsound.com//" local="3389449500" remote="20569318684" /><file name="netshow.png" server="santacruzsound.com//" local="3389449500" remote="20569318684" /><file name="newsfire.png" server="santacruzsound.com//" local="3389449500" remote="20569318684" /><file name="newsgator.png" server="santacruzsound.com//" local="3389449500" remote="20569318684" /><file name="newzcrawler.png" server="santacruzsound.com//" local="3389449500" remote="20569318684" /><file name="nokia.png" server="santacruzsound.com//" local="3389449500" remote="20569318684" /><file name="notavailable.png" server="santacruzsound.com//" local="3389449500" remote="20569318684" /><file name="omniweb.png" server="santacruzsound.com//" local="3389449500" remote="20569318684" /><file name="opera.png" server="santacruzsound.com//" local="3389449500" remote="20569318684" /><file name="panasonic.png" server="santacruzsound.com//" local="3389449500" remote="20569318684" /><file name="pdaphone.png" server="santacruzsound.com//" local="3389449500" remote="20569318684" /><file name="philips.png" server="santacruzsound.com//" local="3389449500" remote="20569318684" /><file name="phoenix.png" server="santacruzsound.com//" local="3389449500" remote="20569318684" /><file name="pluck.png" server="santacruzsound.com//" local="3389449500" remote="20569318684" /><file name="pulpfiction.png" server="santacruzsound.com//" local="3389449500" remote="20569318684" /><file name="real.png" server="santacruzsound.com//" local="3389449500" remote="20569318684" /><file name="rss.png" server="santacruzsound.com//" local="3389449500" remote="20569318684" /><file name="rssbandit.png" server="santacruzsound.com//" local="3389449500" remote="20569318684" /><file name="rssowl.png" server="santacruzsound.com//" local="3389449500" remote="20569318684" /><file name="rssreader.png" server="santacruzsound.com//" local="3389449500" remote="20569318684" /><file name="rssxpress.png" server="santacruzsound.com//" local="3389449500" remote="20569318684" /><file name="safari.png" server="santacruzsound.com//" local="3389449500" remote="20569318684" /><file name="sagem.png" server="santacruzsound.com//" local="3389449500" remote="20569318684" /><file name="samsung.png" server="santacruzsound.com//" local="3389449500" remote="20569318684" /><file name="seamonkey.png" server="santacruzsound.com//" local="3389449500" remote="20569318684" /><file name="sharp.png" server="santacruzsound.com//" local="3389449500" remote="20569318684" /><file name="sharpreader.png" server="santacruzsound.com//" local="3389449500" remote="20569318684" /><file name="shrook.png" server="santacruzsound.com//" local="3389449500" remote="20569318684" /><file name="siemens.png" server="santacruzsound.com//" local="3389449500" remote="20569318684" /><file name="sony.png" server="santacruzsound.com//" local="3389449500" remote="20569318684" /><file name="staroffice.png" server="santacruzsound.com//" local="3389449500" remote="20569318684" /><file name="subversion.png" server="santacruzsound.com//" local="3389449500" remote="20569318684" /><file name="teleport.png" server="santacruzsound.com//" local="3389449500" remote="20569318684" /><file name="trium.png" server="santacruzsound.com//" local="3389449500" remote="20569318684" /><file name="unknown.png" server="santacruzsound.com//" local="3389449500" remote="20569318684" /><file name="w3c.png" server="santacruzsound.com//" local="3389449500" remote="20569318684" /><file name="webcopier.png" server="santacruzsound.com//" local="3389449500" remote="20569318684" /><file name="webreaper.png" server="santacruzsound.com//" local="3389449500" remote="20569318684" /><file name="webtv.png" server="santacruzsound.com//" local="3389449500" remote="20569318684" /><file name="webzip.png" server="santacruzsound.com//" local="3389449500" remote="20569318684" /><file name="winxbox.png" server="santacruzsound.com//" local="3389449500" remote="20569318684" /><file name="wizz.png" server="santacruzsound.com//" local="3389449500" remote="20569318684" /></dwsync>