<?xml version="1.0" encoding="utf-8" ?><dwsync><file name="index.htm" server="santacruzsound.com//" local="3018495600" remote="15903397488" /><file name="logo.jpg" server="santacruzsound.com//" local="3018495600" remote="15903397488" /><file name="logo2.jpg" server="santacruzsound.com//" local="3018495600" remote="15903397488" /><file name="logo3.jpg" server="santacruzsound.com//" local="3018495600" remote="15903397488" /><file name="scsound.msk" server="santacruzsound.com//" local="3018495600" remote="15903397488" /><file name="sign text.jpg" server="santacruzsound.com//" local="3018495600" remote="15903397488" /><file name="sign text.psp" server="santacruzsound.com//" local="3018495600" remote="15903397488" /><file name="sign2.psp" server="santacruzsound.com//" local="3018495600" remote="15903397488" /><file name="sign3.psp" server="santacruzsound.com//" local="3018495600" remote="15903397488" /><file name="sign4.psp" server="santacruzsound.com//" local="3018495600" remote="15903397488" /></dwsync>