<?xml version="1.0" encoding="utf-8" ?><dwsync><file name=".DS_Store" server="santacruzsound.com//" local="3389449440" remote="20569318624" /><file name="awstats_buildstaticpages.pl" server="santacruzsound.com//" local="3389449440" remote="20569318624" /><file name="awstats_configure.pl" server="santacruzsound.com//" local="3389449440" remote="20569318624" /><file name="awstats_exportlib.pl" server="santacruzsound.com//" local="3389449440" remote="20569318624" /><file name="awstats_updateall.pl" server="santacruzsound.com//" local="3389449440" remote="20569318624" /><file name="geoip_generator.pl" server="santacruzsound.com//" local="3389449440" remote="20569318624" /><file name="httpd_conf" server="santacruzsound.com//" local="3389449440" remote="20569318624" /><file name="logresolvemerge.pl" server="santacruzsound.com//" local="3389449440" remote="20569318624" /><file name="maillogconvert.pl" server="santacruzsound.com//" local="3389449440" remote="20569318624" /><file name="urlaliasbuilder.pl" server="santacruzsound.com//" local="3389449440" remote="20569318624" /></dwsync>