<?xml version="1.0" encoding="utf-8" ?><dwsync><file name="a2.png" server="santacruzsound.com//" local="3389449500" remote="20569318684" /><file name="ac.png" server="santacruzsound.com//" local="3389449500" remote="20569318684" /><file name="ad.png" server="santacruzsound.com//" local="3389449500" remote="20569318684" /><file name="ae.png" server="santacruzsound.com//" local="3389449500" remote="20569318684" /><file name="aero.png" server="santacruzsound.com//" local="3389449500" remote="20569318684" /><file name="af.png" server="santacruzsound.com//" local="3389449500" remote="20569318684" /><file name="ag.png" server="santacruzsound.com//" local="3389449500" remote="20569318684" /><file name="ai.png" server="santacruzsound.com//" local="3389449500" remote="20569318684" /><file name="al.png" server="santacruzsound.com//" local="3389449500" remote="20569318684" /><file name="am.png" server="santacruzsound.com//" local="3389449500" remote="20569318684" /><file name="an.png" server="santacruzsound.com//" local="3389449500" remote="20569318684" /><file name="ao.png" server="santacruzsound.com//" local="3389449500" remote="20569318684" /><file name="aq.png" server="santacruzsound.com//" local="3389449500" remote="20569318684" /><file name="ar.png" server="santacruzsound.com//" local="3389449500" remote="20569318684" /><file name="arpa.png" server="santacruzsound.com//" local="3389449500" remote="20569318684" /><file name="as.png" server="santacruzsound.com//" local="3389449500" remote="20569318684" /><file name="at.png" server="santacruzsound.com//" local="3389449500" remote="20569318684" /><file name="au.png" server="santacruzsound.com//" local="3389449500" remote="20569318684" /><file name="aw.png" server="santacruzsound.com//" local="3389449500" remote="20569318684" /><file name="az.png" server="santacruzsound.com//" local="3389449500" remote="20569318684" /><file name="ba.png" server="santacruzsound.com//" local="3389449500" remote="20569318684" /><file name="bb.png" server="santacruzsound.com//" local="3389449500" remote="20569318684" /><file name="bd.png" server="santacruzsound.com//" local="3389449500" remote="20569318684" /><file name="be.png" server="santacruzsound.com//" local="3389449500" remote="20569318684" /><file name="bf.png" server="santacruzsound.com//" local="3389449500" remote="20569318684" /><file name="bg.png" server="santacruzsound.com//" local="3389449500" remote="20569318684" /><file name="bh.png" server="santacruzsound.com//" local="3389449500" remote="20569318684" /><file name="bi.png" server="santacruzsound.com//" local="3389449500" remote="20569318684" /><file name="biz.png" server="santacruzsound.com//" local="3389449500" remote="20569318684" /><file name="bj.png" server="santacruzsound.com//" local="3389449500" remote="20569318684" /><file name="bm.png" server="santacruzsound.com//" local="3389449500" remote="20569318684" /><file name="bn.png" server="santacruzsound.com//" local="3389449500" remote="20569318684" /><file name="bo.png" server="santacruzsound.com//" local="3389449500" remote="20569318684" /><file name="br.png" server="santacruzsound.com//" local="3389449500" remote="20569318684" /><file name="bs.png" server="santacruzsound.com//" local="3389449500" remote="20569318684" /><file name="bt.png" server="santacruzsound.com//" local="3389449500" remote="20569318684" /><file name="bv.png" server="santacruzsound.com//" local="3389449500" remote="20569318684" /><file name="bw.png" server="santacruzsound.com//" local="3389449500" remote="20569318684" /><file name="by.png" server="santacruzsound.com//" local="3389449500" remote="20569318684" /><file name="bz.png" server="santacruzsound.com//" local="3389449500" remote="20569318684" /><file name="ca.png" server="santacruzsound.com//" local="3389449500" remote="20569318684" /><file name="cc.png" server="santacruzsound.com//" local="3389449500" remote="20569318684" /><file name="cd.png" server="santacruzsound.com//" local="3389449500" remote="20569318684" /><file name="cf.png" server="santacruzsound.com//" local="3389449500" remote="20569318684" /><file name="cg.png" server="santacruzsound.com//" local="3389449500" remote="20569318684" /><file name="ch.png" server="santacruzsound.com//" local="3389449500" remote="20569318684" /><file name="ci.png" server="santacruzsound.com//" local="3389449500" remote="20569318684" /><file name="ck.png" server="santacruzsound.com//" local="3389449500" remote="20569318684" /><file name="cl.png" server="santacruzsound.com//" local="3389449500" remote="20569318684" /><file name="cm.png" server="santacruzsound.com//" local="3389449500" remote="20569318684" /><file name="cn.png" server="santacruzsound.com//" local="3389449500" remote="20569318684" /><file name="co.png" server="santacruzsound.com//" local="3389449500" remote="20569318684" /><file name="com.png" server="santacruzsound.com//" local="3389449500" remote="20569318684" /><file name="coop.png" server="santacruzsound.com//" local="3389449500" remote="20569318684" /><file name="cr.png" server="santacruzsound.com//" local="3389449500" remote="20569318684" /><file name="cs.png" server="santacruzsound.com//" local="3389449500" remote="20569318684" /><file name="cu.png" server="santacruzsound.com//" local="3389449500" remote="20569318684" /><file name="cv.png" server="santacruzsound.com//" local="3389449500" remote="20569318684" /><file name="cx.png" server="santacruzsound.com//" local="3389449500" remote="20569318684" /><file name="cy.png" server="santacruzsound.com//" local="3389449500" remote="20569318684" /><file name="cz.png" server="santacruzsound.com//" local="3389449500" remote="20569318684" /><file name="de.png" server="santacruzsound.com//" local="3389449500" remote="20569318684" /><file name="dj.png" server="santacruzsound.com//" local="3389449500" remote="20569318684" /><file name="dk.png" server="santacruzsound.com//" local="3389449500" remote="20569318684" /><file name="dm.png" server="santacruzsound.com//" local="3389449500" remote="20569318684" /><file name="do.png" server="santacruzsound.com//" local="3389449500" remote="20569318684" /><file name="dz.png" server="santacruzsound.com//" local="3389449500" remote="20569318684" /><file name="ec.png" server="santacruzsound.com//" local="3389449500" remote="20569318684" /><file name="edu.png" server="santacruzsound.com//" local="3389449500" remote="20569318684" /><file name="ee.png" server="santacruzsound.com//" local="3389449500" remote="20569318684" /><file name="eg.png" server="santacruzsound.com//" local="3389449500" remote="20569318684" /><file name="eh.png" server="santacruzsound.com//" local="3389449500" remote="20569318684" /><file name="en.png" server="santacruzsound.com//" local="3389449500" remote="20569318684" /><file name="er.png" server="santacruzsound.com//" local="3389449500" remote="20569318684" /><file name="es.png" server="santacruzsound.com//" local="3389449500" remote="20569318684" /><file name="es_cat.png" server="santacruzsound.com//" local="3389449500" remote="20569318684" /><file name="es_eu.png" server="santacruzsound.com//" local="3389449500" remote="20569318684" /><file name="et.png" server="santacruzsound.com//" local="3389449500" remote="20569318684" /><file name="eu.png" server="santacruzsound.com//" local="3389449500" remote="20569318684" /><file name="fi.png" server="santacruzsound.com//" local="3389449500" remote="20569318684" /><file name="fj.png" server="santacruzsound.com//" local="3389449500" remote="20569318684" /><file name="fk.png" server="santacruzsound.com//" local="3389449500" remote="20569318684" /><file name="fm.png" server="santacruzsound.com//" local="3389449500" remote="20569318684" /><file name="fo.png" server="santacruzsound.com//" local="3389449500" remote="20569318684" /><file name="fr.png" server="santacruzsound.com//" local="3389449500" remote="20569318684" /><file name="fx.png" server="santacruzsound.com//" local="3389449500" remote="20569318684" /><file name="ga.png" server="santacruzsound.com//" local="3389449500" remote="20569318684" /><file name="gb.png" server="santacruzsound.com//" local="3389449500" remote="20569318684" /><file name="gd.png" server="santacruzsound.com//" local="3389449500" remote="20569318684" /><file name="ge.png" server="santacruzsound.com//" local="3389449500" remote="20569318684" /><file name="gf.png" server="santacruzsound.com//" local="3389449500" remote="20569318684" /><file name="gh.png" server="santacruzsound.com//" local="3389449500" remote="20569318684" /><file name="gi.png" server="santacruzsound.com//" local="3389449500" remote="20569318684" /><file name="gl.png" server="santacruzsound.com//" local="3389449500" remote="20569318684" /><file name="glg.png" server="santacruzsound.com//" local="3389449500" remote="20569318684" /><file name="gm.png" server="santacruzsound.com//" local="3389449500" remote="20569318684" /><file name="gn.png" server="santacruzsound.com//" local="3389449500" remote="20569318684" /><file name="gov.png" server="santacruzsound.com//" local="3389449500" remote="20569318684" /><file name="gp.png" server="santacruzsound.com//" local="3389449500" remote="20569318684" /><file name="gq.png" server="santacruzsound.com//" local="3389449500" remote="20569318684" /><file name="gr.png" server="santacruzsound.com//" local="3389449500" remote="20569318684" /><file name="gs.png" server="santacruzsound.com//" local="3389449500" remote="20569318684" /><file name="gt.png" server="santacruzsound.com//" local="3389449500" remote="20569318684" /><file name="gu.png" server="santacruzsound.com//" local="3389449500" remote="20569318684" /><file name="gw.png" server="santacruzsound.com//" local="3389449500" remote="20569318684" /><file name="gy.png" server="santacruzsound.com//" local="3389449500" remote="20569318684" /><file name="hk.png" server="santacruzsound.com//" local="3389449500" remote="20569318684" /><file name="hm.png" server="santacruzsound.com//" local="3389449500" remote="20569318684" /><file name="hn.png" server="santacruzsound.com//" local="3389449500" remote="20569318684" /><file name="hr.png" server="santacruzsound.com//" local="3389449500" remote="20569318684" /><file name="ht.png" server="santacruzsound.com//" local="3389449500" remote="20569318684" /><file name="hu.png" server="santacruzsound.com//" local="3389449500" remote="20569318684" /><file name="i0.png" server="santacruzsound.com//" local="3389449500" remote="20569318684" /><file name="id.png" server="santacruzsound.com//" local="3389449500" remote="20569318684" /><file name="ie.png" server="santacruzsound.com//" local="3389449500" remote="20569318684" /><file name="il.png" server="santacruzsound.com//" local="3389449500" remote="20569318684" /><file name="im.png" server="santacruzsound.com//" local="3389449500" remote="20569318684" /><file name="in.png" server="santacruzsound.com//" local="3389449500" remote="20569318684" /><file name="info.png" server="santacruzsound.com//" local="3389449500" remote="20569318684" /><file name="int.png" server="santacruzsound.com//" local="3389449500" remote="20569318684" /><file name="io.png" server="santacruzsound.com//" local="3389449500" remote="20569318684" /><file name="ip.png" server="santacruzsound.com//" local="3389449500" remote="20569318684" /><file name="iq.png" server="santacruzsound.com//" local="3389449500" remote="20569318684" /><file name="ir.png" server="santacruzsound.com//" local="3389449500" remote="20569318684" /><file name="is.png" server="santacruzsound.com//" local="3389449500" remote="20569318684" /><file name="it.png" server="santacruzsound.com//" local="3389449500" remote="20569318684" /><file name="jm.png" server="santacruzsound.com//" local="3389449500" remote="20569318684" /><file name="jo.png" server="santacruzsound.com//" local="3389449500" remote="20569318684" /><file name="jp.png" server="santacruzsound.com//" local="3389449500" remote="20569318684" /><file name="ke.png" server="santacruzsound.com//" local="3389449500" remote="20569318684" /><file name="kg.png" server="santacruzsound.com//" local="3389449500" remote="20569318684" /><file name="kh.png" server="santacruzsound.com//" local="3389449500" remote="20569318684" /><file name="ki.png" server="santacruzsound.com//" local="3389449500" remote="20569318684" /><file name="km.png" server="santacruzsound.com//" local="3389449500" remote="20569318684" /><file name="kn.png" server="santacruzsound.com//" local="3389449500" remote="20569318684" /><file name="kp.png" server="santacruzsound.com//" local="3389449500" remote="20569318684" /><file name="kr.png" server="santacruzsound.com//" local="3389449500" remote="20569318684" /><file name="kw.png" server="santacruzsound.com//" local="3389449500" remote="20569318684" /><file name="ky.png" server="santacruzsound.com//" local="3389449500" remote="20569318684" /><file name="kz.png" server="santacruzsound.com//" local="3389449500" remote="20569318684" /><file name="la.png" server="santacruzsound.com//" local="3389449500" remote="20569318684" /><file name="lb.png" server="santacruzsound.com//" local="3389449500" remote="20569318684" /><file name="lc.png" server="santacruzsound.com//" local="3389449500" remote="20569318684" /><file name="li.png" server="santacruzsound.com//" local="3389449500" remote="20569318684" /><file name="lk.png" server="santacruzsound.com//" local="3389449500" remote="20569318684" /><file name="lr.png" server="santacruzsound.com//" local="3389449500" remote="20569318684" /><file name="ls.png" server="santacruzsound.com//" local="3389449500" remote="20569318684" /><file name="lt.png" server="santacruzsound.com//" local="3389449500" remote="20569318684" /><file name="lu.png" server="santacruzsound.com//" local="3389449500" remote="20569318684" /><file name="lv.png" server="santacruzsound.com//" local="3389449500" remote="20569318684" /><file name="ly.png" server="santacruzsound.com//" local="3389449500" remote="20569318684" /><file name="ma.png" server="santacruzsound.com//" local="3389449500" remote="20569318684" /><file name="mc.png" server="santacruzsound.com//" local="3389449500" remote="20569318684" /><file name="md.png" server="santacruzsound.com//" local="3389449500" remote="20569318684" /><file name="mg.png" server="santacruzsound.com//" local="3389449500" remote="20569318684" /><file name="mil.png" server="santacruzsound.com//" local="3389449500" remote="20569318684" /><file name="mk.png" server="santacruzsound.com//" local="3389449500" remote="20569318684" /><file name="ml.png" server="santacruzsound.com//" local="3389449500" remote="20569318684" /><file name="mm.png" server="santacruzsound.com//" local="3389449500" remote="20569318684" /><file name="mn.png" server="santacruzsound.com//" local="3389449500" remote="20569318684" /><file name="mo.png" server="santacruzsound.com//" local="3389449500" remote="20569318684" /><file name="mp.png" server="santacruzsound.com//" local="3389449500" remote="20569318684" /><file name="mq.png" server="santacruzsound.com//" local="3389449500" remote="20569318684" /><file name="mr.png" server="santacruzsound.com//" local="3389449500" remote="20569318684" /><file name="ms.png" server="santacruzsound.com//" local="3389449500" remote="20569318684" /><file name="mt.png" server="santacruzsound.com//" local="3389449500" remote="20569318684" /><file name="mu.png" server="santacruzsound.com//" local="3389449500" remote="20569318684" /><file name="museum.png" server="santacruzsound.com//" local="3389449500" remote="20569318684" /><file name="mv.png" server="santacruzsound.com//" local="3389449500" remote="20569318684" /><file name="mw.png" server="santacruzsound.com//" local="3389449500" remote="20569318684" /><file name="mx.png" server="santacruzsound.com//" local="3389449500" remote="20569318684" /><file name="my.png" server="santacruzsound.com//" local="3389449500" remote="20569318684" /><file name="mz.png" server="santacruzsound.com//" local="3389449500" remote="20569318684" /><file name="na.png" server="santacruzsound.com//" local="3389449500" remote="20569318684" /><file name="name.png" server="santacruzsound.com//" local="3389449500" remote="20569318684" /><file name="nato.png" server="santacruzsound.com//" local="3389449500" remote="20569318684" /><file name="nb.png" server="santacruzsound.com//" local="3389449500" remote="20569318684" /><file name="nc.png" server="santacruzsound.com//" local="3389449500" remote="20569318684" /><file name="ne.png" server="santacruzsound.com//" local="3389449500" remote="20569318684" /><file name="net.png" server="santacruzsound.com//" local="3389449500" remote="20569318684" /><file name="ng.png" server="santacruzsound.com//" local="3389449500" remote="20569318684" /><file name="ni.png" server="santacruzsound.com//" local="3389449500" remote="20569318684" /><file name="nl.png" server="santacruzsound.com//" local="3389449500" remote="20569318684" /><file name="nn.png" server="santacruzsound.com//" local="3389449500" remote="20569318684" /><file name="no.png" server="santacruzsound.com//" local="3389449500" remote="20569318684" /><file name="np.png" server="santacruzsound.com//" local="3389449500" remote="20569318684" /><file name="nr.png" server="santacruzsound.com//" local="3389449500" remote="20569318684" /><file name="nt.png" server="santacruzsound.com//" local="3389449500" remote="20569318684" /><file name="nu.png" server="santacruzsound.com//" local="3389449500" remote="20569318684" /><file name="nz.png" server="santacruzsound.com//" local="3389449500" remote="20569318684" /><file name="om.png" server="santacruzsound.com//" local="3389449500" remote="20569318684" /><file name="org.png" server="santacruzsound.com//" local="3389449500" remote="20569318684" /><file name="pa.png" server="santacruzsound.com//" local="3389449500" remote="20569318684" /><file name="pe.png" server="santacruzsound.com//" local="3389449500" remote="20569318684" /><file name="pf.png" server="santacruzsound.com//" local="3389449500" remote="20569318684" /><file name="pg.png" server="santacruzsound.com//" local="3389449500" remote="20569318684" /><file name="ph.png" server="santacruzsound.com//" local="3389449500" remote="20569318684" /><file name="pk.png" server="santacruzsound.com//" local="3389449500" remote="20569318684" /><file name="pl.png" server="santacruzsound.com//" local="3389449500" remote="20569318684" /><file name="pr.png" server="santacruzsound.com//" local="3389449500" remote="20569318684" /><file name="pro.png" server="santacruzsound.com//" local="3389449500" remote="20569318684" /><file name="ps.png" server="santacruzsound.com//" local="3389449500" remote="20569318684" /><file name="pt.png" server="santacruzsound.com//" local="3389449500" remote="20569318684" /><file name="py.png" server="santacruzsound.com//" local="3389449500" remote="20569318684" /><file name="qa.png" server="santacruzsound.com//" local="3389449500" remote="20569318684" /><file name="re.png" server="santacruzsound.com//" local="3389449500" remote="20569318684" /><file name="ro.png" server="santacruzsound.com//" local="3389449500" remote="20569318684" /><file name="rs.png" server="santacruzsound.com//" local="3389449500" remote="20569318684" /><file name="ru.png" server="santacruzsound.com//" local="3389449500" remote="20569318684" /><file name="rw.png" server="santacruzsound.com//" local="3389449500" remote="20569318684" /><file name="sa.png" server="santacruzsound.com//" local="3389449500" remote="20569318684" /><file name="sb.png" server="santacruzsound.com//" local="3389449500" remote="20569318684" /><file name="sc.png" server="santacruzsound.com//" local="3389449500" remote="20569318684" /><file name="sd.png" server="santacruzsound.com//" local="3389449500" remote="20569318684" /><file name="se.png" server="santacruzsound.com//" local="3389449500" remote="20569318684" /><file name="sg.png" server="santacruzsound.com//" local="3389449500" remote="20569318684" /><file name="si.png" server="santacruzsound.com//" local="3389449500" remote="20569318684" /><file name="sk.png" server="santacruzsound.com//" local="3389449500" remote="20569318684" /><file name="sm.png" server="santacruzsound.com//" local="3389449500" remote="20569318684" /><file name="sn.png" server="santacruzsound.com//" local="3389449500" remote="20569318684" /><file name="sr.png" server="santacruzsound.com//" local="3389449500" remote="20569318684" /><file name="st.png" server="santacruzsound.com//" local="3389449500" remote="20569318684" /><file name="su.png" server="santacruzsound.com//" local="3389449500" remote="20569318684" /><file name="sv.png" server="santacruzsound.com//" local="3389449500" remote="20569318684" /><file name="sy.png" server="santacruzsound.com//" local="3389449500" remote="20569318684" /><file name="sz.png" server="santacruzsound.com//" local="3389449500" remote="20569318684" /><file name="tc.png" server="santacruzsound.com//" local="3389449500" remote="20569318684" /><file name="td.png" server="santacruzsound.com//" local="3389449500" remote="20569318684" /><file name="tf.png" server="santacruzsound.com//" local="3389449500" remote="20569318684" /><file name="tg.png" server="santacruzsound.com//" local="3389449500" remote="20569318684" /><file name="th.png" server="santacruzsound.com//" local="3389449500" remote="20569318684" /><file name="tk.png" server="santacruzsound.com//" local="3389449500" remote="20569318684" /><file name="tm.png" server="santacruzsound.com//" local="3389449500" remote="20569318684" /><file name="tn.png" server="santacruzsound.com//" local="3389449500" remote="20569318684" /><file name="to.png" server="santacruzsound.com//" local="3389449500" remote="20569318684" /><file name="tr.png" server="santacruzsound.com//" local="3389449500" remote="20569318684" /><file name="tt.png" server="santacruzsound.com//" local="3389449500" remote="20569318684" /><file name="tv.png" server="santacruzsound.com//" local="3389449500" remote="20569318684" /><file name="tw.png" server="santacruzsound.com//" local="3389449500" remote="20569318684" /><file name="tz.png" server="santacruzsound.com//" local="3389449500" remote="20569318684" /><file name="ua.png" server="santacruzsound.com//" local="3389449500" remote="20569318684" /><file name="ug.png" server="santacruzsound.com//" local="3389449500" remote="20569318684" /><file name="uk.png" server="santacruzsound.com//" local="3389449500" remote="20569318684" /><file name="um.png" server="santacruzsound.com//" local="3389449500" remote="20569318684" /><file name="unknown.png" server="santacruzsound.com//" local="3389449500" remote="20569318684" /><file name="us.png" server="santacruzsound.com//" local="3389449500" remote="20569318684" /><file name="uy.png" server="santacruzsound.com//" local="3389449500" remote="20569318684" /><file name="uz.png" server="santacruzsound.com//" local="3389449500" remote="20569318684" /><file name="va.png" server="santacruzsound.com//" local="3389449500" remote="20569318684" /><file name="vc.png" server="santacruzsound.com//" local="3389449500" remote="20569318684" /><file name="ve.png" server="santacruzsound.com//" local="3389449500" remote="20569318684" /><file name="vg.png" server="santacruzsound.com//" local="3389449500" remote="20569318684" /><file name="vi.png" server="santacruzsound.com//" local="3389449500" remote="20569318684" /><file name="vn.png" server="santacruzsound.com//" local="3389449500" remote="20569318684" /><file name="vu.png" server="santacruzsound.com//" local="3389449500" remote="20569318684" /><file name="wf.png" server="santacruzsound.com//" local="3389449500" remote="20569318684" /><file name="wlk.png" server="santacruzsound.com//" local="3389449500" remote="20569318684" /><file name="ws.png" server="santacruzsound.com//" local="3389449500" remote="20569318684" /><file name="ye.png" server="santacruzsound.com//" local="3389449500" remote="20569318684" /><file name="yt.png" server="santacruzsound.com//" local="3389449500" remote="20569318684" /><file name="yu.png" server="santacruzsound.com//" local="3389449500" remote="20569318684" /><file name="za.png" server="santacruzsound.com//" local="3389449500" remote="20569318684" /><file name="ze.png" server="santacruzsound.com//" local="3389449500" remote="20569318684" /><file name="zm.png" server="santacruzsound.com//" local="3389449500" remote="20569318684" /><file name="zw.png" server="santacruzsound.com//" local="3389449500" remote="20569318684" /></dwsync>